                  epoch,         train/box_loss,         train/cls_loss,         train/dfl_loss,   metrics/precision(B),      metrics/recall(B),       metrics/mAP50(B),    metrics/mAP50-95(B),           val/box_loss,           val/cls_loss,           val/dfl_loss,                 lr/pg0,                 lr/pg1,                 lr/pg2
                      1,                 2.0162,                 9.9704,                 1.1372,                0.38711,                0.03206,                0.06362,                0.04926,                 0.8894,                 3.0911,                0.83859,               6.53e-05,               6.53e-05,               6.53e-05
                      2,                0.99877,                 4.3624,                0.85052,                0.41348,                0.47493,                0.46357,                0.38282,                0.73267,                 1.9618,                0.81768,             0.00010477,             0.00010477,             0.00010477
                      3,                0.84642,                 2.5395,                0.83088,                0.76559,                0.69242,                0.79556,                0.68301,                0.62222,                 1.0536,                0.80561,             0.00011836,             0.00011836,             0.00011836
                      4,                0.72805,                 1.5813,                0.81659,                0.83181,                0.78699,                0.86646,                0.76528,                0.53749,                0.81009,                0.79914,             7.9576e-05,             7.9576e-05,             7.9576e-05
                      5,                0.64596,                 1.2603,                0.80894,                 0.8621,                0.83642,                0.88539,                0.78315,                0.52072,                0.72977,                0.79611,             4.0768e-05,             4.0768e-05,             4.0768e-05
