                  epoch,         train/box_loss,         train/cls_loss,         train/dfl_loss,   metrics/precision(B),      metrics/recall(B),       metrics/mAP50(B),    metrics/mAP50-95(B),           val/box_loss,           val/cls_loss,           val/dfl_loss,                 lr/pg0,                 lr/pg1,                 lr/pg2
                      1,                 1.9538,                  10.92,                 1.1213,                 0.0182,                 0.6789,                0.05726,                0.04358,                0.92732,                 3.0839,                0.85016,             6.5307e-05,             6.5307e-05,             6.5307e-05
                      2,                0.98901,                 4.2674,                0.85041,                0.52927,                0.52637,                0.56884,                0.47488,                0.72225,                 1.7061,                0.81815,             0.00010477,             0.00010477,             0.00010477
                      3,                0.84287,                 2.1713,                0.83096,                0.82999,                0.72504,                0.81629,                0.69832,                0.61893,                0.97845,                0.80829,             0.00011837,             0.00011837,             0.00011837
                      4,                0.71909,                 1.4017,                0.81683,                0.89842,                0.79765,                0.88535,                0.78117,                0.54892,                0.75367,                0.80216,             7.9576e-05,             7.9576e-05,             7.9576e-05
                      5,                0.63042,                 1.1257,                0.80824,                 0.8683,                0.84327,                0.90598,                0.81462,                0.49206,                0.66671,                0.79566,             4.0768e-05,             4.0768e-05,             4.0768e-05
